{
    "name": "Alice-Kafka",
    "vendorId": "0x0DDD",
    "productId": "0x0ADD",
    "lighting": "qmk_rgblight",
    "matrix": { "rows": 5, "cols": 16 },
    "layouts": {
      "keymap": [
       
          {
            "name": "Basketweave"
          },
          [
            {
              "y": 0.9,
              "x": 3.7
            },
            "0,3",
            {
              "x": 8.55
            },
            "0,12"
          ],
          [
            {
              "y": -0.8999999999999999,
              "x": 0.3
            },
            "0,0",
            {
              "x": 0.3999999999999999
            },
            "0,1",
            "0,2",
            {
              "x": 10.55
            },
            "0,13",
            {
              "w": 2
            },
            "0,14",
            {
              "x": 0.3999999999999986
            },
            "0,15"
          ],
          [
            {
              "y": -0.050000000000000044,
              "x": 12.95
            },
            "1,11"
          ],
          [
            {
              "y": -0.9500000000000002,
              "x": 0.2
            },
            "1,0",
            {
              "x": 0.30000000000000004,
              "w": 1.5
            },
            "1,1",
            "1,2",
            {
              "x": 9.95
            },
            "1,12",
            "1,13",
            {
              "w": 1.5
            },
            "1,14",
            {
              "x": 0.3000000000000007
            },
            "1,15"
          ],
          [
            {
              "x": 0.1
            },
            "2,0",
            {
              "x": 0.19999999999999996,
              "w": 1.75
            },
            "2,1",
            "2,2",
            {
              "x": 9.350000000000001
            },
            "2,11",
            {
              "x": -1.7763568394002505e-15
            },
            "2,12",
            {
              "w": 2.25
            },
            "2,14",
            {
              "x": 0.20000000000000284
            },
            "2,15"
          ],
          [
            {
              "x": 1.1,
              "w": 2.25
            },
            "3,1",
            "3,2",
            {
              "x": 8.75
            },
            "3,11",
            "3,12",
            {
              "w": 1.75
            },
            "3,13",
            "3,14"
          ],
          [
            {
              "x": 1,
              "w": 1.5
            },
            "4,1",
            {
              "w": 1.25
            },
            "4,2",
            {
              "x": 10.85,
              "w": 1.25
            },
            "4,12",
            "4,13",
            "4,14",
            "4,15"
          ],
          [
            {
              "r": 12,
              "y": -6,
              "x": 5
            },
            "0,4",
            "0,5",
            "0,6",
            "0,7"
          ],
          [
            {
              "x": 4.5
            },
            "1,3",
            "1,4",
            "1,5",
            "1,6"
          ],
          [
            {
              "x": 4.8
            },
            "2,3",
            "2,4",
            "2,5",
            "2,6"
          ],
          [
            {
              "x": 5.3
            },
            "3,3",
            "3,4",
            "3,5",
            "3,6"
          ],
          [
            {
              "x": 5.2,
              "w": 1.25
            },
            "4,3",
            {
              "w": 2.75
            },
            "4,5"
          ],
          [
            {
              "r": -12,
              "y": -1.4,
              "x": 8.55
            },
            "0,8",
            "0,9",
            "0,10",
            "0,11"
          ],
          [
            {
              "x": 8.05
            },
            "1,7",
            "1,8",
            "1,9",
            "1,10"
          ],
          [
            {
              "x": 8.2
            },
            "2,7",
            "2,8",
            "2,9",
            "2,10"
          ],
          [
            {
              "x": 7.75
            },
            "3,7",
            "3,8",
            "3,9",
            "3,10"
          ],
          [
            {
              "x": 7.5,
              "w": 3
            },
            "4,8",
            {
              "w": 1.25
            },
            "4,10"
          ]
       
      ]
    }
  }